{
  "average_precision": 0.7142857142857143,
  "average_recall": 0.7142857142857143,
  "average_f1": 0.7142857142857143,
  "average_mrr": 0.9285714285714286
}